n,m,opt_tot_bb_mean_opt_func,opt_TimeOliveira_mean_opt_func,opt_found_tot_bb_mean_opt_func,opt_found_sum,opt_sum,OptFound_sum
40,2,26.285673399999997,55.5125,40.449725181249995,16.0,25,25
40,4,4.995730012,30.15625,7.6024582812500014,16.0,25,25
50,2,40.8464679,18.650000000000002,56.2655519611111,18.0,25,25
50,4,17.430316456,272.5882352941176,25.307095799999995,17.0,25,25
100,2,520.93996521875,852.2315789473683,756.8836570272728,11.0,16,24
100,4,642.1313102842105,7396.225,847.5422610900001,10.0,19,22
