n,m,opt_tot_bb_mean_opt_func,opt_TimeOliveira_mean_opt_func,opt_found_tot_bb_mean_opt_func,opt_found_sum,opt_sum,OptFound_sum
40,2,22.530577199999996,55.5125,34.6711930125,16.0,25,25
40,4,4.282054296000001,30.15625,6.5163928125,16.0,25,25
50,2,35.0112582,18.650000000000002,48.22761596666666,18.0,25,25
50,4,14.940271247999998,272.5882352941176,21.691796399999998,17.0,25,25
100,2,446.5199701875,852.2315789473683,648.7574203090909,11.0,16,24
100,4,550.3982659578948,7396.225,726.46479522,10.0,19,22
