n,m,first_size_graph_amax_AFBC,first_size_graph_mean_AFBC,gap_amax_AFBC,gap_mean_AFBC,opt_sum_AFBC,reduction_amax_AFBC,reduction_mean_AFBC,tot_lb_amax_AFBC,tot_lb_mean_AFBC
40,2,42861,31604.56,8.632434397368177,0.8582513250409045,22,0.9999756335038992,0.8210698888550744,410.7830660000016,34.80164364000009
40,4,22102,17845.36,8800000.0,352000.5143343684,20,0.9999532709813106,0.856351109363036,8.255625000000009,2.2443130799999995
50,2,64306,49781.48,2600000.0,104001.30461115838,20,0.9999830734948123,0.8108013757911877,4515.329424,351.5625735999984
50,4,32995,27777.12,306100000.0,12460000.371794954,21,0.9999681477623835,0.8360378310650912,203.9467820000002,16.68109852
